date,loan_id,principal_yuan,interest_yuan,source
2026-10-28,loan,5000.00,300.00,合成还款表：本金12万元，24期等额本金，年利率3%，无手续费
2026-11-28,loan,5000.00,287.50,合成还款表：本金12万元，24期等额本金，年利率3%，无手续费
2026-12-28,loan,5000.00,275.00,合成还款表：本金12万元，24期等额本金，年利率3%，无手续费
2027-01-28,loan,5000.00,262.50,合成还款表：本金12万元，24期等额本金，年利率3%，无手续费
2027-02-28,loan,5000.00,250.00,合成还款表：本金12万元，24期等额本金，年利率3%，无手续费
2027-03-28,loan,5000.00,237.50,合成还款表：本金12万元，24期等额本金，年利率3%，无手续费
2027-04-28,loan,5000.00,225.00,合成还款表：本金12万元，24期等额本金，年利率3%，无手续费
2027-05-28,loan,5000.00,212.50,合成还款表：本金12万元，24期等额本金，年利率3%，无手续费
2027-06-28,loan,5000.00,200.00,合成还款表：本金12万元，24期等额本金，年利率3%，无手续费
2027-07-28,loan,5000.00,187.50,合成还款表：本金12万元，24期等额本金，年利率3%，无手续费
2027-08-28,loan,5000.00,175.00,合成还款表：本金12万元，24期等额本金，年利率3%，无手续费
2027-09-28,loan,5000.00,162.50,合成还款表：本金12万元，24期等额本金，年利率3%，无手续费
2027-10-28,loan,5000.00,150.00,合成还款表：本金12万元，24期等额本金，年利率3%，无手续费
2027-11-28,loan,5000.00,137.50,合成还款表：本金12万元，24期等额本金，年利率3%，无手续费
2027-12-28,loan,5000.00,125.00,合成还款表：本金12万元，24期等额本金，年利率3%，无手续费
2028-01-28,loan,5000.00,112.50,合成还款表：本金12万元，24期等额本金，年利率3%，无手续费
2028-02-28,loan,5000.00,100.00,合成还款表：本金12万元，24期等额本金，年利率3%，无手续费
2028-03-28,loan,5000.00,87.50,合成还款表：本金12万元，24期等额本金，年利率3%，无手续费
2028-04-28,loan,5000.00,75.00,合成还款表：本金12万元，24期等额本金，年利率3%，无手续费
2028-05-28,loan,5000.00,62.50,合成还款表：本金12万元，24期等额本金，年利率3%，无手续费
2028-06-28,loan,5000.00,50.00,合成还款表：本金12万元，24期等额本金，年利率3%，无手续费
2028-07-28,loan,5000.00,37.50,合成还款表：本金12万元，24期等额本金，年利率3%，无手续费
2028-08-28,loan,5000.00,25.00,合成还款表：本金12万元，24期等额本金，年利率3%，无手续费
2028-09-28,loan,5000.00,12.50,合成还款表：本金12万元，24期等额本金，年利率3%，无手续费